{"initial_reset_timestamp": 1591322083.4913905, "timestamps": [1591322088.0857654, 1591322091.716876, 1591322095.1021988, 1591322096.0542252, 1591322097.2382147, 1591322098.3211997, 1591322102.419551, 1591322105.6216047, 1591322109.323712, 1591322110.670568, 1591322111.705014, 1591322112.6886055, 1591322117.888358, 1591322122.5380125, 1591322125.9548862, 1591322127.2555218, 1591322128.7368863], "episode_lengths": [255, 212, 198, 52, 65, 59, 240, 187, 217, 76, 56, 52, 306, 273, 200, 73, 83], "episode_rewards": [257.49875856504036, 290.58445511025764, 256.72125214661594, -140.0952934085349, -135.9872455687096, -157.47187399230714, 231.5229478579752, 272.2600232831502, 266.72574280726985, -160.2054299364428, -151.67744546919704, -79.93782756868089, -98.90204949152037, 304.85931628259453, 285.7386097938472, -127.69913819075956, -199.44209602940552], "episode_types": ["t", "t", "t", "t", "t", "t", "t", "t", "t", "t", "t", "t", "t", "t", "t", "t", "t", "t"]}